{
  "stage": "final_report",
  "timestamp": "2026-03-19T00:56:06",
  "step2_eis": 0.38707234366689564,
  "step3_eis": 0.6683769138940422,
  "delta_eis": 0.28130457022714656,
  "final_metrics": {
    "retrieval_quality": 0.875312425846896,
    "evidence_density": 0.7265377737730081,
    "source_relevance": 1.0,
    "report_coverage": 1.0,
    "evidence_per_claim": 0.3400085679959117,
    "retrieval_confidence": 0.8746369214790648,
    "retrieval_risk": 0.12202546118964601,
    "kg_quality": 0.6711448193739442,
    "claim_structurality": 0.17877252133902946,
    "relation_consistency": 0.771908032289907,
    "graph_density_proxy": 0.6148850403623839,
    "path_reasoning": 0.2944867194117673,
    "graph_reasoning_signal": 0.326896727326601,
    "quant_signal": 0.80508125,
    "confidence_signal": 0.02002570398773523,
    "evidence_quality": 0.0,
    "score_breakdown_signal": 0.0,
    "reasoning_depth": 0.0,
    "integrated_conf": 0.0,
    "evidence_coverage": 1.0,
    "evidence_balance": 0.0,
    "claim_support_ratio": 0.30434782608695654,
    "unclear_ratio": 0.6956521739130435,
    "reasoning_stability": 0.0,
    "kg_risk": 0.3537850091357633,
    "contradiction_ratio": 0.0,
    "kg_ready": 1.0,
    "kg_stage": 1.0,
    "graphrag_entity_count": 0.0,
    "graphrag_relation_count": 0.0,
    "multi_agent_quality": 0.6856593420580546,
    "agent_diversity": 0.5999999999999999,
    "agent_diversity_fit": 1.0,
    "agent_agreement": 0.5420416043423544,
    "agent_query_relevance": 0.5311510950920326,
    "agent_citation_score": 0.5,
    "agent_bridge_coherence": 0.6634802902593299,
    "agent_section_completeness": 1.0,
    "agent_consensus_stability": 1.0,
    "agent_perspective_coverage": 0.5,
    "agent_disagreement_risk": 0.08886032890251627,
    "multi_agent_confidence": 0.5776252647028897,
    "agent_d_alignment": 0.2204971715687333,
    "simulation_quality": 0.638274664053839,
    "progress": 1.0,
    "action_balance": 1.0,
    "action_intensity": 0.04223364621677121,
    "completion": 1.0,
    "agent_log_density": 0.05,
    "canyon_interaction_quality": 0.625587864673994,
    "insight_quality": 0.5225352197557155,
    "novelty": 0.9798868371597381,
    "relevance": 0.5144630084355866,
    "grounding": 0.4255755475460163,
    "insight_length": 0.036,
    "query_rel": 0.08255396592689955,
    "term_rel": 0.08,
    "bridge_rel": 0.2204971715687333,
    "keyword_floor": 0.5,
    "paragraph_rel": 0.08255396592689955,
    "insight_anchor_density": 1.0,
    "insight_factual_anchor_score": 0.6666666666666666,
    "insight_hallucination_risk": 0.6596107339256737,
    "graphrag_path_hits": 0.0,
    "graphrag_file_count": 0.0,
    "kg_data_source": 0.5,
    "entity_coverage": 1.0,
    "relation_accuracy": 0.0,
    "graph_connectivity": 0.0,
    "persona_diversity": 0.9093411601015662,
    "persona_domain_match": 0.2333333333333333,
    "parameter_injection_completeness": 0.84975,
    "persona_artifact_coverage": 0.9375,
    "environment_preparation_quality": 0.5218432320203132,
    "environment_preparation_missing": 0.0,
    "dialogue_turns": 0.2,
    "speaker_coverage": 1.0,
    "interaction_reciprocity": 1.0,
    "interaction_coherence": 0.09011299361535915,
    "interaction_density": 1.0,
    "canyon_interaction_risk": 0.3699619788842871,
    "total_actions": 0.02,
    "actions_per_round": 0.20833333333333334,
    "platform_balance_gap": 0.0,
    "simulation_stability": 0.9061253911042974,
    "dynamic_adaptability": 0.7644630084355866,
    "temporal_memory_consistency": 0.55,
    "memory_pressure_signal": 0.0,
    "simulation_action_diversity": 0.16666666666666666,
    "simulation_platform_diversity": 1.0,
    "simulation_success_rate": 1.0,
    "insight_quality_agentd": 0.6163683144047266,
    "report_quality": 0.310129560192818,
    "report_structure_quality": 0.25,
    "report_evidence_quality": 0.08333333333333333,
    "report_actionability": 0.6936212008895478,
    "report_query_alignment": 0.09729429206819867,
    "report_coherence": 0.6785953177257525,
    "report_length_score": 0.0075,
    "report_hallucination_risk": 0.7636628829481023,
    "report_process_quality": 0.2,
    "report_generation_completeness": 0.0,
    "report_generation_success": 1.0,
    "deep_interaction_quality": 0.0,
    "interview_coverage": 0.0,
    "interview_diversity": 0.0,
    "interview_grounding": 0.0,
    "interview_quote_density": 0.0,
    "deep_interaction_missing": 1.0,
    "markdown_supplement_signal": 0.2595401614495353
  },
  "contributions": {
    "retrieval": 0.13129686387703438,
    "kg": 0.16778620484348605,
    "multi_agent": 0.13713186841161093,
    "simulation": 0.1276549328107678,
    "insight": 0.1045070439511431
  },
  "bottleneck_dimension": "insight_quality",
  "overall_risk": 0.31193095671619786,
  "quality_gates": {
    "retrieval_ge_0_75": true,
    "kg_ge_0_60": true,
    "multi_agent_ge_0_55": true,
    "simulation_ge_0_80": false,
    "insight_ge_0_60": false,
    "overall_eis_ge_0_70": false
  },
  "summary": {
    "retrieval_quality": 0.875312425846896,
    "kg_quality": 0.6711448193739442,
    "multi_agent_quality": 0.6856593420580546,
    "simulation_quality": 0.638274664053839,
    "insight_quality": 0.5225352197557155
  }
}