{
  "stage": "final_report",
  "timestamp": "2026-03-19T00:25:11",
  "step2_eis": 0.3894313319430304,
  "step3_eis": 0.5806507647330985,
  "delta_eis": 0.1912194327900681,
  "final_metrics": {
    "retrieval_quality": 0.8619619565217391,
    "evidence_density": 0.71875,
    "source_relevance": 1.0,
    "report_coverage": 1.0,
    "evidence_per_claim": 0.3333333333333333,
    "retrieval_confidence": 0.8601739130434782,
    "retrieval_risk": 0.13982608695652177,
    "kg_quality": 0.3520499573071243,
    "claim_structurality": 0.15652173913043477,
    "relation_consistency": 0.7217391304347827,
    "graph_density_proxy": 0.5030797101449276,
    "path_reasoning": 0.278911171865751,
    "graph_reasoning_signal": 0.3090961015597253,
    "quant_signal": 0.80508125,
    "confidence_signal": 0.0,
    "evidence_quality": 0.0,
    "score_breakdown_signal": 0.0,
    "reasoning_depth": 0.0,
    "integrated_conf": 0.0,
    "evidence_coverage": 1.0,
    "evidence_balance": 0.0,
    "claim_support_ratio": 0.30434782608695654,
    "unclear_ratio": 0.6956521739130435,
    "reasoning_stability": 0.0,
    "kg_risk": 0.37826086956521743,
    "contradiction_ratio": 0.0,
    "kg_ready": 1.0,
    "kg_stage": 1.0,
    "graphrag_entity_count": 0.0,
    "graphrag_relation_count": 0.0,
    "multi_agent_quality": 0.6816942064247756,
    "agent_diversity": 0.5999999999999999,
    "agent_diversity_fit": 1.0,
    "agent_agreement": 0.5452774377496795,
    "agent_query_relevance": 0.5,
    "agent_citation_score": 0.5,
    "agent_bridge_coherence": 0.7280074752566743,
    "agent_section_completeness": 1.0,
    "agent_consensus_stability": 1.0,
    "agent_perspective_coverage": 0.5,
    "agent_disagreement_risk": 0.11111111111111097,
    "multi_agent_confidence": 0.566130614845881,
    "agent_d_alignment": 0.26130614845880923,
    "simulation_quality": 0.6249241947286822,
    "progress": 1.0,
    "action_balance": 1.0,
    "action_intensity": 0.03333333333333333,
    "completion": 1.0,
    "agent_log_density": 0.05,
    "canyon_interaction_quality": 0.6122373953488371,
    "insight_quality": 0.5101015084868249,
    "novelty": 0.989253521068115,
    "relevance": 0.5,
    "grounding": 0.41,
    "insight_length": 0.036,
    "query_rel": 0.07163603275705187,
    "term_rel": 0.08,
    "bridge_rel": 0.26130614845880923,
    "keyword_floor": 0.5,
    "paragraph_rel": 0.06606005459508645,
    "insight_anchor_density": 1.0,
    "insight_factual_anchor_score": 0.6666666666666666,
    "insight_hallucination_risk": 0.666488115278135,
    "graphrag_path_hits": 0.0,
    "graphrag_file_count": 0.0,
    "kg_data_source": 0.5,
    "entity_coverage": 1.0,
    "relation_accuracy": 0.0,
    "graph_connectivity": 0.0,
    "persona_diversity": 0.9093411601015662,
    "persona_domain_match": 0.2333333333333333,
    "parameter_injection_completeness": 0.84975,
    "persona_artifact_coverage": 0.9375,
    "environment_preparation_quality": 0.5218432320203132,
    "environment_preparation_missing": 0.0,
    "dialogue_turns": 0.2,
    "speaker_coverage": 1.0,
    "interaction_reciprocity": 1.0,
    "interaction_coherence": 0.06118697674418605,
    "interaction_density": 1.0,
    "canyon_interaction_risk": 0.38776260465116286,
    "total_actions": 0.02,
    "actions_per_round": 0.20833333333333334,
    "platform_balance_gap": 0.0,
    "simulation_stability": 0.895,
    "dynamic_adaptability": 0.75,
    "temporal_memory_consistency": 0.55,
    "memory_pressure_signal": 0.0,
    "simulation_action_diversity": 0.16666666666666666,
    "simulation_platform_diversity": 1.0,
    "simulation_success_rate": 1.0,
    "insight_quality_agentd": 0.6189909858990722,
    "report_quality": 0.30787819329265115,
    "report_structure_quality": 0.5,
    "report_evidence_quality": 0.08333333333333333,
    "report_actionability": 0.5,
    "report_query_alignment": 0.05403710078408874,
    "report_coherence": 0.6818181818181818,
    "report_length_score": 0.02,
    "report_hallucination_risk": 0.7758343243102279,
    "report_process_quality": 0.2,
    "report_generation_completeness": 0.0,
    "report_generation_success": 1.0,
    "deep_interaction_quality": 0.0,
    "interview_coverage": 0.0,
    "interview_diversity": 0.0,
    "interview_grounding": 0.0,
    "interview_quote_density": 0.0,
    "deep_interaction_missing": 1.0
  },
  "contributions": {
    "retrieval": 0.12929429347826085,
    "kg": 0.08801248932678107,
    "multi_agent": 0.13633884128495513,
    "simulation": 0.12498483894573645,
    "insight": 0.10202030169736498
  },
  "bottleneck_dimension": "kg_quality",
  "overall_risk": 0.32963850712779863,
  "quality_gates": {
    "retrieval_ge_0_75": true,
    "kg_ge_0_60": false,
    "multi_agent_ge_0_55": true,
    "simulation_ge_0_80": false,
    "insight_ge_0_60": false,
    "overall_eis_ge_0_70": false
  },
  "summary": {
    "retrieval_quality": 0.8619619565217391,
    "kg_quality": 0.3520499573071243,
    "multi_agent_quality": 0.6816942064247756,
    "simulation_quality": 0.6249241947286822,
    "insight_quality": 0.5101015084868249
  }
}