{
  "stage": "final_report",
  "timestamp": "2026-03-19T00:25:11",
  "step2_eis": 0.3894313319430304,
  "step3_eis": 0.6706777220689938,
  "delta_eis": 0.28124639012596336,
  "final_metrics": {
    "retrieval_quality": 0.8753297750723569,
    "evidence_density": 0.726547894154527,
    "source_relevance": 1.0,
    "report_coverage": 1.0,
    "evidence_per_claim": 0.3400172426086422,
    "retrieval_confidence": 0.8746557164733141,
    "retrieval_risk": 0.12200232888903145,
    "kg_quality": 0.6711667853594682,
    "claim_structurality": 0.17880143671479767,
    "relation_consistency": 0.7719446422657803,
    "graph_density_proxy": 0.6149308028322253,
    "path_reasoning": 0.29450696017480504,
    "graph_reasoning_signal": 0.3269198596272156,
    "quant_signal": 0.80508125,
    "confidence_signal": 0.02005172782592661,
    "evidence_quality": 0.0,
    "score_breakdown_signal": 0.0,
    "reasoning_depth": 0.0,
    "integrated_conf": 0.0,
    "evidence_coverage": 1.0,
    "evidence_balance": 0.0,
    "claim_support_ratio": 0.30434782608695654,
    "unclear_ratio": 0.6956521739130435,
    "reasoning_stability": 0.0,
    "kg_risk": 0.35375320222241824,
    "contradiction_ratio": 0.0,
    "kg_ready": 1.0,
    "kg_stage": 1.0,
    "graphrag_entity_count": 0.0,
    "graphrag_relation_count": 0.0,
    "multi_agent_quality": 0.6972899947338297,
    "agent_diversity": 0.5999999999999999,
    "agent_diversity_fit": 1.0,
    "agent_agreement": 0.5586452563002973,
    "agent_query_relevance": 0.5311915766181081,
    "agent_citation_score": 0.5,
    "agent_bridge_coherence": 0.7502871728410372,
    "agent_section_completeness": 1.0,
    "agent_consensus_stability": 1.0,
    "agent_perspective_coverage": 0.5,
    "agent_disagreement_risk": 0.08883141352674806,
    "multi_agent_confidence": 0.5817264031549351,
    "agent_d_alignment": 0.26130614845880923,
    "simulation_quality": 0.6382920132793,
    "progress": 1.0,
    "action_balance": 1.0,
    "action_intensity": 0.0422452123670785,
    "completion": 1.0,
    "agent_log_density": 0.05,
    "canyon_interaction_quality": 0.6256052138994549,
    "insight_quality": 0.5223507893282364,
    "novelty": 0.9781764961141215,
    "relevance": 0.5144818034298358,
    "grounding": 0.425595788309054,
    "insight_length": 0.036,
    "query_rel": 0.07163603275705187,
    "term_rel": 0.08,
    "bridge_rel": 0.26130614845880923,
    "keyword_floor": 0.5,
    "paragraph_rel": 0.06606005459508645,
    "insight_anchor_density": 1.0,
    "insight_factual_anchor_score": 0.6666666666666666,
    "insight_hallucination_risk": 0.6531328614951548,
    "graphrag_path_hits": 0.0,
    "graphrag_file_count": 0.0,
    "kg_data_source": 0.5,
    "entity_coverage": 1.0,
    "relation_accuracy": 0.0,
    "graph_connectivity": 0.0,
    "persona_diversity": 0.9093411601015662,
    "persona_domain_match": 0.2333333333333333,
    "parameter_injection_completeness": 0.84975,
    "persona_artifact_coverage": 0.9375,
    "environment_preparation_quality": 0.5218432320203132,
    "environment_preparation_missing": 0.0,
    "dialogue_turns": 0.2,
    "speaker_coverage": 1.0,
    "interaction_reciprocity": 1.0,
    "interaction_coherence": 0.09015058360385782,
    "interaction_density": 1.0,
    "canyon_interaction_risk": 0.36993884658367254,
    "total_actions": 0.02,
    "actions_per_round": 0.20833333333333334,
    "platform_balance_gap": 0.0,
    "simulation_stability": 0.9061398487921815,
    "dynamic_adaptability": 0.7644818034298358,
    "temporal_memory_consistency": 0.55,
    "memory_pressure_signal": 0.0,
    "simulation_action_diversity": 0.16666666666666666,
    "simulation_platform_diversity": 1.0,
    "simulation_success_rate": 1.0,
    "insight_quality_agentd": 0.615889418911954,
    "report_quality": 0.31044242424242424,
    "report_structure_quality": 0.25,
    "report_evidence_quality": 0.08333333333333333,
    "report_actionability": 0.6927272727272727,
    "report_query_alignment": 0.09090909090909091,
    "report_coherence": 0.6921212121212121,
    "report_length_score": 0.0075,
    "report_hallucination_risk": 0.7621969696969697,
    "report_process_quality": 0.2,
    "report_generation_completeness": 0.0,
    "report_generation_success": 1.0,
    "deep_interaction_quality": 0.0,
    "interview_coverage": 0.0,
    "interview_diversity": 0.0,
    "interview_grounding": 0.0,
    "interview_quote_density": 0.0,
    "deep_interaction_missing": 1.0,
    "markdown_supplement_signal": 0.2597232113289014
  },
  "contributions": {
    "retrieval": 0.13129946626085354,
    "kg": 0.16779169633986704,
    "multi_agent": 0.13945799894676594,
    "simulation": 0.12765840265586,
    "insight": 0.10447015786564728
  },
  "bottleneck_dimension": "insight_quality",
  "overall_risk": 0.31061415834428024,
  "quality_gates": {
    "retrieval_ge_0_75": true,
    "kg_ge_0_60": true,
    "multi_agent_ge_0_55": true,
    "simulation_ge_0_80": false,
    "insight_ge_0_60": false,
    "overall_eis_ge_0_70": false
  },
  "summary": {
    "retrieval_quality": 0.8753297750723569,
    "kg_quality": 0.6711667853594682,
    "multi_agent_quality": 0.6972899947338297,
    "simulation_quality": 0.6382920132793,
    "insight_quality": 0.5223507893282364
  }
}