{
  "stage": "final_report",
  "timestamp": "2026-03-19T00:56:07",
  "step2_eis": 0.38707234366689564,
  "step3_eis": 0.6489065882033718,
  "delta_eis": 0.26183424453647614,
  "final_metrics": {
    "retrieval_quality": 0.8641570784729586,
    "evidence_density": 0.720030487804878,
    "source_relevance": 1.0,
    "report_coverage": 1.0,
    "evidence_per_claim": 0.33443089430894307,
    "retrieval_confidence": 0.862551961823966,
    "retrieval_risk": 0.13689925768822908,
    "kg_quality": 0.6525840534390991,
    "claim_structurality": 0.16018027571580062,
    "relation_consistency": 0.7409734223984985,
    "graph_density_proxy": 0.5762167779981232,
    "path_reasoning": 0.2814721474755071,
    "graph_reasoning_signal": 0.31202293082801796,
    "quant_signal": 0.80508125,
    "confidence_signal": 0.003292682926829268,
    "evidence_quality": 0.0,
    "score_breakdown_signal": 0.0,
    "reasoning_depth": 0.0,
    "integrated_conf": 0.0,
    "evidence_coverage": 1.0,
    "evidence_balance": 0.0,
    "claim_support_ratio": 0.30434782608695654,
    "unclear_ratio": 0.6956521739130435,
    "reasoning_stability": 0.0,
    "kg_risk": 0.374236479321315,
    "contradiction_ratio": 0.0,
    "kg_ready": 1.0,
    "kg_stage": 1.0,
    "graphrag_entity_count": 0.0,
    "graphrag_relation_count": 0.0,
    "multi_agent_quality": 0.6726447701217944,
    "agent_diversity": 0.5999999999999999,
    "agent_diversity_fit": 1.0,
    "agent_agreement": 0.5308862569684171,
    "agent_query_relevance": 0.5051219512195122,
    "agent_citation_score": 0.5,
    "agent_bridge_coherence": 0.644888044636101,
    "agent_section_completeness": 1.0,
    "agent_consensus_stability": 1.0,
    "agent_perspective_coverage": 0.5,
    "agent_disagreement_risk": 0.10745257452574511,
    "multi_agent_confidence": 0.5646106927666295,
    "agent_d_alignment": 0.2204971715687333,
    "simulation_quality": 0.6271193166799017,
    "progress": 1.0,
    "action_balance": 1.0,
    "action_intensity": 0.034796747967479676,
    "completion": 1.0,
    "agent_log_density": 0.05,
    "canyon_interaction_quality": 0.6144325173000567,
    "insight_quality": 0.48092097856157,
    "novelty": 0.9818819960275672,
    "relevance": 0.5023780487804878,
    "grounding": 0.4125609756097561,
    "insight_length": 0.036,
    "query_rel": 0.08255396592689955,
    "term_rel": 0.08,
    "bridge_rel": 0.2204971715687333,
    "keyword_floor": 0.5,
    "paragraph_rel": 0.08255396592689955,
    "insight_anchor_density": 1.0,
    "insight_factual_anchor_score": 0.6666666666666666,
    "insight_hallucination_risk": 0.6693058885108539,
    "graphrag_path_hits": 0.0,
    "graphrag_file_count": 0.0,
    "kg_data_source": 0.5,
    "entity_coverage": 1.0,
    "relation_accuracy": 0.0,
    "graph_connectivity": 0.0,
    "persona_diversity": 0.9093411601015662,
    "persona_domain_match": 0.2333333333333333,
    "parameter_injection_completeness": 0.84975,
    "persona_artifact_coverage": 0.9375,
    "environment_preparation_quality": 0.5218432320203132,
    "environment_preparation_missing": 0.0,
    "dialogue_turns": 0.2,
    "speaker_coverage": 1.0,
    "interaction_reciprocity": 1.0,
    "interaction_coherence": 0.06594307430516166,
    "interaction_density": 1.0,
    "canyon_interaction_risk": 0.38483577538287017,
    "total_actions": 0.02,
    "actions_per_round": 0.20833333333333334,
    "platform_balance_gap": 0.0,
    "simulation_stability": 0.896829268292683,
    "dynamic_adaptability": 0.7523780487804878,
    "temporal_memory_consistency": 0.55,
    "memory_pressure_signal": 0.0,
    "simulation_action_diversity": 0.16666666666666666,
    "simulation_platform_diversity": 1.0,
    "simulation_success_rate": 1.0,
    "insight_quality_agentd": 0.6169269588877188,
    "report_quality": 0.2220666666666666,
    "report_structure_quality": 0.08333333333333333,
    "report_evidence_quality": 0.08333333333333333,
    "report_actionability": 0.6799999999999999,
    "report_query_alignment": 0.0,
    "report_coherence": 0.3333333333333333,
    "report_length_score": 0.004375,
    "report_hallucination_risk": 0.8791666666666667,
    "report_process_quality": 0.2,
    "report_generation_completeness": 0.0,
    "report_generation_success": 1.0,
    "deep_interaction_quality": 0.0,
    "interview_coverage": 0.0,
    "interview_diversity": 0.0,
    "interview_grounding": 0.0,
    "interview_quote_density": 0.0,
    "deep_interaction_missing": 1.0,
    "markdown_supplement_signal": 0.10486711199249271
  },
  "contributions": {
    "retrieval": 0.12962356177094378,
    "kg": 0.16314601335977477,
    "multi_agent": 0.13452895402435888,
    "simulation": 0.12542386333598035,
    "insight": 0.09618419571231401
  },
  "bottleneck_dimension": "insight_quality",
  "overall_risk": 0.3275166959206839,
  "quality_gates": {
    "retrieval_ge_0_75": true,
    "kg_ge_0_60": true,
    "multi_agent_ge_0_55": true,
    "simulation_ge_0_80": false,
    "insight_ge_0_60": false,
    "overall_eis_ge_0_70": false
  },
  "summary": {
    "retrieval_quality": 0.8641570784729586,
    "kg_quality": 0.6525840534390991,
    "multi_agent_quality": 0.6726447701217944,
    "simulation_quality": 0.6271193166799017,
    "insight_quality": 0.48092097856157
  }
}