{
  "stage": "final_report",
  "timestamp": "2026-03-19T00:12:18",
  "step2_eis": 0.38716108899932544,
  "step3_eis": 0.6682786235375242,
  "delta_eis": 0.28111753453819877,
  "final_metrics": {
    "retrieval_quality": 0.8752755216342101,
    "evidence_density": 0.7265162463156081,
    "source_relevance": 1.0,
    "report_coverage": 1.0,
    "evidence_per_claim": 0.3399901158895688,
    "retrieval_confidence": 0.8745969419153217,
    "retrieval_risk": 0.12207466680656055,
    "kg_quality": 0.6710980607548327,
    "claim_structurality": 0.17871101431788627,
    "relation_consistency": 0.7718301012580544,
    "graph_density_proxy": 0.6147876265725681,
    "path_reasoning": 0.2944436644969671,
    "graph_reasoning_signal": 0.3268475217096865,
    "quant_signal": 0.80508125,
    "confidence_signal": 0.019970347668706367,
    "evidence_quality": 0.0,
    "score_breakdown_signal": 0.0,
    "reasoning_depth": 0.0,
    "integrated_conf": 0.0,
    "evidence_coverage": 1.0,
    "evidence_balance": 0.0,
    "claim_support_ratio": 0.30434782608695654,
    "unclear_ratio": 0.6956521739130435,
    "reasoning_stability": 0.0,
    "kg_risk": 0.3538526668590207,
    "contradiction_ratio": 0.0,
    "kg_ready": 1.0,
    "kg_stage": 1.0,
    "graphrag_entity_count": 0.0,
    "graphrag_relation_count": 0.0,
    "multi_agent_quality": 0.685610079215707,
    "agent_diversity": 0.5999999999999999,
    "agent_diversity_fit": 1.0,
    "agent_agreement": 0.5419958316617439,
    "agent_query_relevance": 0.5310649852624322,
    "agent_citation_score": 0.5,
    "agent_bridge_coherence": 0.6640891071017806,
    "agent_section_completeness": 1.0,
    "agent_consensus_stability": 1.0,
    "agent_perspective_coverage": 0.5,
    "agent_disagreement_risk": 0.08892183592365945,
    "multi_agent_confidence": 0.5775083555033265,
    "agent_d_alignment": 0.21975862872110366,
    "simulation_quality": 0.6382377598411532,
    "progress": 1.0,
    "action_balance": 1.0,
    "action_intensity": 0.04220904340831394,
    "completion": 1.0,
    "agent_log_density": 0.05,
    "canyon_interaction_quality": 0.6255509604613081,
    "insight_quality": 0.5222160614615625,
    "novelty": 0.9799562294046834,
    "relevance": 0.5144230288718434,
    "grounding": 0.42553249263121606,
    "insight_length": 0.036,
    "query_rel": 0.07369022556390978,
    "term_rel": 0.08,
    "bridge_rel": 0.21975862872110366,
    "keyword_floor": 0.5,
    "paragraph_rel": 0.06948370927318295,
    "insight_anchor_density": 1.0,
    "insight_factual_anchor_score": 0.6666666666666666,
    "insight_hallucination_risk": 0.6597661473123788,
    "graphrag_path_hits": 0.0,
    "graphrag_file_count": 0.0,
    "kg_data_source": 0.5,
    "entity_coverage": 1.0,
    "relation_accuracy": 0.0,
    "graph_connectivity": 0.0,
    "persona_diversity": 0.9093411601015662,
    "persona_domain_match": 0.2333333333333333,
    "parameter_injection_completeness": 0.84975,
    "persona_artifact_coverage": 0.9375,
    "environment_preparation_quality": 0.5218432320203132,
    "environment_preparation_missing": 0.0,
    "dialogue_turns": 0.2,
    "speaker_coverage": 1.0,
    "interaction_reciprocity": 1.0,
    "interaction_coherence": 0.09003303448787303,
    "interaction_density": 1.0,
    "canyon_interaction_risk": 0.37001118450120163,
    "total_actions": 0.02,
    "actions_per_round": 0.20833333333333334,
    "platform_balance_gap": 0.0,
    "simulation_stability": 0.9060946375937258,
    "dynamic_adaptability": 0.7644230288718434,
    "temporal_memory_consistency": 0.55,
    "memory_pressure_signal": 0.0,
    "simulation_action_diversity": 0.16666666666666666,
    "simulation_platform_diversity": 1.0,
    "simulation_success_rate": 1.0,
    "insight_quality_agentd": 0.6163877442333113,
    "report_quality": 0.3092870359926833,
    "report_structure_quality": 0.25,
    "report_evidence_quality": 0.08333333333333333,
    "report_actionability": 0.6938133333333334,
    "report_query_alignment": 0.09866666666666668,
    "report_coherence": 0.6692275221612495,
    "report_length_score": 0.0075,
    "report_hallucination_risk": 0.7655931194596877,
    "report_process_quality": 0.2,
    "report_generation_completeness": 0.0,
    "report_generation_success": 1.0,
    "deep_interaction_quality": 0.0,
    "interview_coverage": 0.0,
    "interview_diversity": 0.0,
    "interview_grounding": 0.0,
    "interview_quote_density": 0.0,
    "deep_interaction_missing": 1.0,
    "markdown_supplement_signal": 0.25915050629027236
  },
  "contributions": {
    "retrieval": 0.1312913282451315,
    "kg": 0.16777451518870817,
    "multi_agent": 0.1371220158431414,
    "simulation": 0.12764755196823063,
    "insight": 0.10444321229231252
  },
  "bottleneck_dimension": "insight_quality",
  "overall_risk": 0.312007185547058,
  "quality_gates": {
    "retrieval_ge_0_75": true,
    "kg_ge_0_60": true,
    "multi_agent_ge_0_55": true,
    "simulation_ge_0_80": false,
    "insight_ge_0_60": false,
    "overall_eis_ge_0_70": false
  },
  "summary": {
    "retrieval_quality": 0.8752755216342101,
    "kg_quality": 0.6710980607548327,
    "multi_agent_quality": 0.685610079215707,
    "simulation_quality": 0.6382377598411532,
    "insight_quality": 0.5222160614615625
  }
}