{
  "stage": "final_report",
  "timestamp": "2026-03-19T00:56:07",
  "step2_eis": 0.38707234366689564,
  "step3_eis": 0.6622913011832121,
  "delta_eis": 0.2752189575163165,
  "final_metrics": {
    "retrieval_quality": 0.8748971617412551,
    "evidence_density": 0.726295536378051,
    "source_relevance": 1.0,
    "report_coverage": 1.0,
    "evidence_per_claim": 0.3398009359430913,
    "retrieval_confidence": 0.8741870520312872,
    "retrieval_risk": 0.12257914666383377,
    "kg_quality": 0.6706159612885548,
    "claim_structurality": 0.17808041449629478,
    "relation_consistency": 0.7710266021475914,
    "graph_density_proxy": 0.6137832526844894,
    "path_reasoning": 0.294002244621853,
    "graph_reasoning_signal": 0.32634304185241325,
    "quant_signal": 0.80508125,
    "confidence_signal": 0.019402807829273998,
    "evidence_quality": 0.0,
    "score_breakdown_signal": 0.0,
    "reasoning_depth": 0.0,
    "integrated_conf": 0.0,
    "evidence_coverage": 1.0,
    "evidence_balance": 0.0,
    "claim_support_ratio": 0.30434782608695654,
    "unclear_ratio": 0.6956521739130435,
    "reasoning_stability": 0.0,
    "kg_risk": 0.3545463266627714,
    "contradiction_ratio": 0.0,
    "kg_ready": 1.0,
    "kg_stage": 1.0,
    "graphrag_entity_count": 0.0,
    "graphrag_relation_count": 0.0,
    "multi_agent_quality": 0.6851748672681403,
    "agent_diversity": 0.5999999999999999,
    "agent_diversity_fit": 1.0,
    "agent_agreement": 0.5416263402367135,
    "agent_query_relevance": 0.530182145512204,
    "agent_citation_score": 0.5,
    "agent_bridge_coherence": 0.6627881834165952,
    "agent_section_completeness": 1.0,
    "agent_consensus_stability": 1.0,
    "agent_perspective_coverage": 0.5,
    "agent_disagreement_risk": 0.08955243574525096,
    "multi_agent_confidence": 0.5771407899129753,
    "agent_d_alignment": 0.2204971715687333,
    "simulation_quality": 0.6378593999481982,
    "progress": 1.0,
    "action_balance": 1.0,
    "action_intensity": 0.04195680347967733,
    "completion": 1.0,
    "agent_log_density": 0.05,
    "canyon_interaction_quality": 0.6251726005683531,
    "insight_quality": 0.49397941578308674,
    "novelty": 0.9809647571351442,
    "relevance": 0.514013138987809,
    "grounding": 0.425091072756102,
    "insight_length": 0.036,
    "query_rel": 0.08255396592689955,
    "term_rel": 0.08,
    "bridge_rel": 0.2204971715687333,
    "keyword_floor": 0.5,
    "paragraph_rel": 0.08255396592689955,
    "insight_anchor_density": 1.0,
    "insight_factual_anchor_score": 0.6666666666666666,
    "insight_hallucination_risk": 0.6601723713421221,
    "graphrag_path_hits": 0.0,
    "graphrag_file_count": 0.0,
    "kg_data_source": 0.5,
    "entity_coverage": 1.0,
    "relation_accuracy": 0.0,
    "graph_connectivity": 0.0,
    "persona_diversity": 0.9093411601015662,
    "persona_domain_match": 0.2333333333333333,
    "parameter_injection_completeness": 0.84975,
    "persona_artifact_coverage": 0.9375,
    "environment_preparation_quality": 0.5218432320203132,
    "environment_preparation_missing": 0.0,
    "dialogue_turns": 0.2,
    "speaker_coverage": 1.0,
    "interaction_reciprocity": 1.0,
    "interaction_coherence": 0.08921325471980406,
    "interaction_density": 1.0,
    "canyon_interaction_risk": 0.3705156643584748,
    "total_actions": 0.02,
    "actions_per_round": 0.20833333333333334,
    "platform_balance_gap": 0.0,
    "simulation_stability": 0.9057793376829301,
    "dynamic_adaptability": 0.764013138987809,
    "temporal_memory_consistency": 0.55,
    "memory_pressure_signal": 0.0,
    "simulation_action_diversity": 0.16666666666666666,
    "simulation_platform_diversity": 1.0,
    "simulation_success_rate": 1.0,
    "insight_quality_agentd": 0.6166701319978404,
    "report_quality": 0.22916749932849853,
    "report_structure_quality": 0.0,
    "report_evidence_quality": 0.08333333333333333,
    "report_actionability": 0.5142143432715552,
    "report_query_alignment": 0.10153102336825141,
    "report_coherence": 0.6,
    "report_length_score": 0.005625,
    "report_hallucination_risk": 0.7820406929895246,
    "report_process_quality": 0.2,
    "report_generation_completeness": 0.0,
    "report_generation_success": 1.0,
    "deep_interaction_quality": 0.0,
    "interview_coverage": 0.0,
    "interview_diversity": 0.0,
    "interview_grounding": 0.0,
    "interview_quote_density": 0.0,
    "deep_interaction_missing": 1.0,
    "markdown_supplement_signal": 0.25513301073795736
  },
  "contributions": {
    "retrieval": 0.13123457426118826,
    "kg": 0.1676539903221387,
    "multi_agent": 0.13703497345362806,
    "simulation": 0.12757187998963965,
    "insight": 0.09879588315661736
  },
  "bottleneck_dimension": "insight_quality",
  "overall_risk": 0.3125512906220549,
  "quality_gates": {
    "retrieval_ge_0_75": true,
    "kg_ge_0_60": true,
    "multi_agent_ge_0_55": true,
    "simulation_ge_0_80": false,
    "insight_ge_0_60": false,
    "overall_eis_ge_0_70": false
  },
  "summary": {
    "retrieval_quality": 0.8748971617412551,
    "kg_quality": 0.6706159612885548,
    "multi_agent_quality": 0.6851748672681403,
    "simulation_quality": 0.6378593999481982,
    "insight_quality": 0.49397941578308674
  }
}