{
  "stage": "step3_snapshot",
  "timestamp": "2026-03-18T22:31:31",
  "artifacts": {
    "simulation_dir": "/Users/suleynan_suir/Desktop/NEXUS1/backend/uploads/simulations/sim_5f53c72bd940",
    "report_dir": "/Users/suleynan_suir/Desktop/NEXUS1/backend/uploads/reports/report_9fa5a45462e5",
    "agent_log_lines": 6,
    "include_markdown_supplement": false,
    "markdown_supplement_source": null
  },
  "metrics": {
    "retrieval_quality": 0.8619619565217391,
    "evidence_density": 0.71875,
    "source_relevance": 1.0,
    "report_coverage": 1.0,
    "evidence_per_claim": 0.3333333333333333,
    "retrieval_confidence": 0.8601739130434782,
    "retrieval_risk": 0.13982608695652177,
    "kg_quality": 0.3520499573071243,
    "claim_structurality": 0.15652173913043477,
    "relation_consistency": 0.7217391304347827,
    "graph_density_proxy": 0.5030797101449276,
    "path_reasoning": 0.278911171865751,
    "graph_reasoning_signal": 0.3090961015597253,
    "quant_signal": 0.80508125,
    "confidence_signal": 0.0,
    "evidence_quality": 0.0,
    "score_breakdown_signal": 0.0,
    "reasoning_depth": 0.0,
    "integrated_conf": 0.0,
    "evidence_coverage": 1.0,
    "evidence_balance": 0.0,
    "claim_support_ratio": 0.30434782608695654,
    "unclear_ratio": 0.6956521739130435,
    "reasoning_stability": 0.0,
    "kg_risk": 0.37826086956521743,
    "contradiction_ratio": 0.0,
    "kg_stage": 1.0,
    "kg_ready": 1.0,
    "graphrag_entity_count": 0.0,
    "graphrag_relation_count": 0.0,
    "graphrag_path_hits": 0.0,
    "graphrag_file_count": 0.0,
    "kg_data_source": 0.5,
    "multi_agent_quality": 0.5245021118488226,
    "agent_diversity": 0.967153983359517,
    "agent_diversity_fit": 0.5821150416012075,
    "agent_agreement": 0.49981085624065763,
    "agent_query_relevance": 0.525,
    "agent_citation_score": 1.0,
    "agent_bridge_coherence": 0.293455874562932,
    "agent_section_completeness": 1.0,
    "agent_consensus_stability": 0.9934355402261276,
    "agent_perspective_coverage": 1.0,
    "agent_disagreement_risk": 0.9270088519100377,
    "multi_agent_confidence": 0.726435823991996,
    "agent_d_alignment": 0.17617426751293042,
    "entity_coverage": 1.0,
    "relation_accuracy": 0.0,
    "graph_connectivity": 0.0,
    "persona_diversity": 0.9093411601015662,
    "persona_domain_match": 0.2333333333333333,
    "parameter_injection_completeness": 0.84975,
    "persona_artifact_coverage": 0.9375,
    "environment_preparation_quality": 0.5218432320203132,
    "environment_preparation_missing": 0.0,
    "canyon_interaction_quality": 0.6122373953488371,
    "dialogue_turns": 0.2,
    "speaker_coverage": 1.0,
    "interaction_reciprocity": 1.0,
    "interaction_coherence": 0.06118697674418605,
    "interaction_density": 1.0,
    "canyon_interaction_risk": 0.38776260465116286,
    "simulation_quality": 0.6249241947286822,
    "progress": 1.0,
    "action_balance": 1.0,
    "action_intensity": 0.03333333333333333,
    "completion": 1.0,
    "agent_log_density": 0.05,
    "total_actions": 0.02,
    "actions_per_round": 0.20833333333333334,
    "platform_balance_gap": 0.0,
    "simulation_stability": 0.895,
    "dynamic_adaptability": 0.75,
    "temporal_memory_consistency": 0.55,
    "memory_pressure_signal": 0.0,
    "simulation_action_diversity": 0.16666666666666666,
    "simulation_platform_diversity": 1.0,
    "simulation_success_rate": 1.0,
    "insight_quality": 0.5633897032024775,
    "novelty": 0.9315977795676633,
    "relevance": 0.5,
    "grounding": 0.58,
    "insight_length": 0.73,
    "query_rel": 0.12748405570048463,
    "term_rel": 0.28,
    "bridge_rel": 0.16567228874427242,
    "keyword_floor": 0.5,
    "paragraph_rel": 0.043156171935567235,
    "insight_anchor_density": 0.547945205479452,
    "insight_factual_anchor_score": 1.0,
    "insight_hallucination_risk": 0.5424687126018919,
    "insight_quality_agentd": 0.6368473782789458,
    "report_quality": 0.42696830663189345,
    "report_structure_quality": 1.0,
    "report_evidence_quality": 0.3333333333333333,
    "report_actionability": 0.25,
    "report_query_alignment": 0.08216372489348751,
    "report_coherence": 0.8820458568144366,
    "report_length_score": 0.69875,
    "report_hallucination_risk": 0.6048394183283446,
    "report_process_quality": 0.2,
    "report_generation_completeness": 0.0,
    "report_generation_success": 1.0,
    "deep_interaction_quality": 0.0,
    "interview_coverage": 0.0,
    "interview_diversity": 0.0,
    "interview_grounding": 0.0,
    "interview_quote_density": 0.0,
    "deep_interaction_missing": 1.0
  },
  "eis": 0.5598699847610384
}