{
  "stage": "step3_snapshot",
  "timestamp": "2026-03-18T22:31:33",
  "artifacts": {
    "simulation_dir": "/Users/suleynan_suir/Desktop/NEXUS1/backend/uploads/simulations/sim_5f53c72bd940",
    "report_dir": "/Users/suleynan_suir/Desktop/NEXUS1/backend/uploads/reports/report_9fa5a45462e5",
    "agent_log_lines": 6,
    "include_markdown_supplement": true,
    "markdown_supplement_source": "/Users/suleynan_suir/Desktop/NEXUS1/container/enhanced_news/agent_guide_20260318_130844.md"
  },
  "metrics": {
    "retrieval_quality": 0.9161891702388243,
    "evidence_density": 0.7503825413349663,
    "source_relevance": 1.0,
    "report_coverage": 1.0,
    "evidence_per_claim": 0.3604469401918759,
    "retrieval_confidence": 0.9189200612369871,
    "retrieval_risk": 0.0675231353337416,
    "kg_quality": 0.7108108912214353,
    "claim_structurality": 0.24690042865891,
    "relation_consistency": 0.8380181520357254,
    "graph_density_proxy": 0.6975226900446568,
    "path_reasoning": 0.3421762545356836,
    "graph_reasoning_signal": 0.38139905318250544,
    "quant_signal": 0.80508125,
    "confidence_signal": 0.08134082057562768,
    "evidence_quality": 0.0,
    "score_breakdown_signal": 0.0,
    "reasoning_depth": 0.0,
    "integrated_conf": 0.0,
    "evidence_coverage": 1.0,
    "evidence_balance": 0.0,
    "claim_support_ratio": 0.30434782608695654,
    "unclear_ratio": 0.6956521739130435,
    "reasoning_stability": 0.0,
    "kg_risk": 0.2788443110838947,
    "contradiction_ratio": 0.0,
    "kg_stage": 1.0,
    "kg_ready": 1.0,
    "graphrag_entity_count": 0.0,
    "graphrag_relation_count": 0.0,
    "graphrag_path_hits": 0.0,
    "graphrag_file_count": 0.0,
    "kg_data_source": 0.5,
    "multi_agent_quality": 0.5877671945187553,
    "agent_diversity": 0.967153983359517,
    "agent_diversity_fit": 0.5821150416012075,
    "agent_agreement": 0.5540380699577427,
    "agent_query_relevance": 0.6515301653398653,
    "agent_citation_score": 1.0,
    "agent_bridge_coherence": 0.3838345640914072,
    "agent_section_completeness": 1.0,
    "agent_consensus_stability": 1.0,
    "agent_perspective_coverage": 1.0,
    "agent_disagreement_risk": 0.8366301623815624,
    "multi_agent_confidence": 0.7897009066619287,
    "agent_d_alignment": 0.17617426751293042,
    "entity_coverage": 1.0,
    "relation_accuracy": 0.0,
    "graph_connectivity": 0.0,
    "persona_diversity": 0.9093411601015662,
    "persona_domain_match": 0.2333333333333333,
    "parameter_injection_completeness": 0.84975,
    "persona_artifact_coverage": 0.9375,
    "environment_preparation_quality": 0.5218432320203132,
    "environment_preparation_missing": 0.0,
    "canyon_interaction_quality": 0.6664646090659223,
    "dialogue_turns": 0.2,
    "speaker_coverage": 1.0,
    "interaction_reciprocity": 1.0,
    "interaction_coherence": 0.17867927313120383,
    "interaction_density": 1.0,
    "canyon_interaction_risk": 0.3154596530283827,
    "simulation_quality": 0.6791514084457674,
    "progress": 1.0,
    "action_balance": 1.0,
    "action_intensity": 0.06948480914472341,
    "completion": 1.0,
    "agent_log_density": 0.05,
    "total_actions": 0.02,
    "actions_per_round": 0.20833333333333334,
    "platform_balance_gap": 0.0,
    "simulation_stability": 0.9401893447642377,
    "dynamic_adaptability": 0.8087461481935089,
    "temporal_memory_consistency": 0.55,
    "memory_pressure_signal": 0.0,
    "simulation_action_diversity": 0.16666666666666666,
    "simulation_platform_diversity": 1.0,
    "simulation_success_rate": 1.0,
    "insight_quality": 0.6187357768628879,
    "novelty": 0.8856137049224313,
    "relevance": 0.5587461481935089,
    "grounding": 0.6432650826699327,
    "insight_length": 0.73,
    "query_rel": 0.12748405570048463,
    "term_rel": 0.28,
    "bridge_rel": 0.16567228874427242,
    "keyword_floor": 0.5,
    "paragraph_rel": 0.043156171935567235,
    "insight_anchor_density": 0.547945205479452,
    "insight_factual_anchor_score": 1.0,
    "insight_hallucination_risk": 0.4880825529086078,
    "insight_quality_agentd": 0.6239718373782808,
    "report_quality": 0.45407676814262926,
    "report_structure_quality": 1.0,
    "report_evidence_quality": 0.4166666666666667,
    "report_actionability": 0.26657207406315997,
    "report_query_alignment": 0.11837195759399975,
    "report_coherence": 0.8760014648139482,
    "report_length_score": 1.0,
    "report_hallucination_risk": 0.557988046518313,
    "report_process_quality": 0.2,
    "report_generation_completeness": 0.0,
    "report_generation_success": 1.0,
    "deep_interaction_quality": 0.0,
    "interview_coverage": 0.0,
    "interview_diversity": 0.0,
    "interview_grounding": 0.0,
    "interview_quote_density": 0.0,
    "deep_interaction_missing": 1.0,
    "markdown_supplement_signal": 0.5900907601786272
  },
  "eis": 0.6922619743066646
}